{
  "controller/SensorStatus.controller.js": 1615208916438,
  "i18n/i18n_en.properties": 1614785625179,
  "i18n/i18n_de.properties": 1614785642503,
  "localService/sensors.json": 1614785069075,
  "manifest.json": 1615210579994,
  "model/models.js": 1614700485293,
  "localService/mockserver.js": 1614700485293,
  "controller/Sensors.controller.js": 1615208916438,
  "i18n/i18n_gr.properties": 1614785653719,
  "controller/App.controller.js": 1614700485297,
  "Component.js": 1614700485289,
  "manifest-bundle.zip": 1615210579616,
  "Component-preload.js": 1615210579924,
  "controller/SensorStatus-dbg.controller.js": 1615208916438,
  "localService/mockserver-dbg.js": 1614700485293,
  "controller/Sensors-dbg.controller.js": 1615208916438,
  "model/models-dbg.js": 1614700485293,
  "controller/App-dbg.controller.js": 1614700485297,
  "Component-dbg.js": 1614700485289,
  "resources.json": 1615210580000,
  "view/Sensors.view.xml": 1615208916406,
  "view/SensorStatus.view.xml": 1615209401608,
  "view/CustomerSelectDialog.fragment.xml": 1615200277965,
  "view/App.view.xml": 1614700485297,
  "css/style.css": 1614700485289,
  "index.html": 1614785069059
}